rank,city,country_code,country,congestion_level,rank_congestion,time_per_km_seconds,time_lost_per_year_minutes,year_change,continent,population,congestion_rank,traffic_index,traffic_level,region
1,Kumamoto,JPN,Japan,48.9,4,195.7,233.78073210958394,-1,ASIA,738907,4,39,Very High,Asia
2,"Little Rock, Ar",USA,United States Of America,12.7,480,56.0,25.45698246095961,0,NORTH_AMERICA,731612,480,39,Very High,North America
3,Stuttgart,DEU,Germany,28.1,261,141.5,103.24349555802246,3,EUROPE,630305,261,39,Very High,Europe
4,Caloocan,PHL,Philippines,40.5,39,184.4,175.228714706029,-2,ASIA,126735,39,39,Very High,Asia
5,Mersin,TUR,Turkey,34.6,107,131.8,92.3211516853774,-1,EUROPE,537842,106,39,Very High,Asia
6,"Council Bluffs, Ia",USA,United States Of America,11.3,491,61.4,19.91054420484133,0,NORTH_AMERICA,62597,491,39,Very High,North America
7,Zwolle,NLD,Netherlands,22.6,374,68.5,41.71365082221348,1,EUROPE,111805,376,39,Very High,Europe
8,Calgary,CAN,Canada,23.1,365,109.1,77.72414937699284,4,NORTH_AMERICA,1019942,367,39,Very High,North America
9,"Memphis, Ar",USA,United States Of America,13.7,472,63.7,24.233100589344616,0,NORTH_AMERICA,633104,472,39,Very High,North America
10,Bonn,DEU,Germany,31.8,167,93.6,76.53986899388832,4,EUROPE,680543,167,39,Very High,Europe
11,Faro,PRT,Portugal,19.2,420,93.7,59.79645271000862,2,EUROPE,41355,420,39,Very High,Other
12,Manila,PHL,Philippines,42.0,27,193.0,199.65210202590578,-3,ASIA,1600000,27,39,Very High,Asia
13,Reggio Emilia,ITA,Italy,26.5,290,83.8,70.59843826034381,1,EUROPE,162000,291,39,Very High,Europe
14,Aberdeen,GBR,United Kingdom,37.2,73,129.7,106.03501775607361,-1,EUROPE,198590,74,39,Very High,Europe
15,Port Louis,MUS,Mauritius,38.7,56,95.9,103.41717447194961,-22,AFRICA,155226,58,39,Very High,Other
16,Sharjah,ARE,United Arab Emirates,29.2,231,112.0,94.86184639382395,7,ASIA,1274749,232,39,Very High,Other
17,Glasgow,GBR,United Kingdom,31.2,186,139.9,114.94985849230397,1,EUROPE,626410,186,39,Very High,Europe
18,Bern,CHE,Switzerland,22.3,379,82.6,57.694128226626674,-1,EUROPE,275329,382,38,Very High,Other
19,Bochum,DEU,Germany,31.7,171,80.1,72.40260044391579,5,EUROPE,385729,172,38,Very High,Europe
20,Milan,ITA,Italy,32.8,146,162.6,156.7600924542543,2,EUROPE,2945000,146,38,Very High,Europe
21,Trujillo,PER,Peru,34.0,117,197.6,160.88017129527486,3,SOUTH_AMERICA,919899,117,38,Very High,South America
22,Durban,ZAF,South Africa,36.3,83,114.8,90.3449472526402,3,AFRICA,536644,83,38,Very High,Other
23,"Ventura, Ca",USA,United States Of America,22.8,371,60.4,33.889237145588694,1,NORTH_AMERICA,96769,371,38,Very High,North America
24,Klaipeda,LTU,Lithuania,27.4,274,118.4,95.76609392475865,-3,EUROPE,172292,274,38,Very High,Other
25,Lodz,POL,Poland,47.7,7,156.6,173.49533188691237,2,EUROPE,768755,7,38,Very High,Other
26,"Pittsburgh, Pa",USA,United States Of America,27.7,270,95.6,79.42913776804676,2,NORTH_AMERICA,1715297,270,38,Very High,North America
27,Al Ain,ARE,United Arab Emirates,12.3,485,106.4,34.79796639238782,3,ASIA,846747,484,38,Very High,Other
28,Budapest,HUN,Hungary,45.8,13,159.3,172.2456846380574,6,EUROPE,1741041,13,38,Very High,Other
29,Cagliari,ITA,Italy,23.7,352,100.5,66.41130573408435,0,EUROPE,149257,352,38,Very High,Europe
30,Lublin,POL,Poland,38.4,62,130.5,138.46650212233934,0,EUROPE,360044,62,38,Very High,Other
31,Aalborg,DNK,Denmark,26.5,291,129.6,97.96991672304875,0,EUROPE,142937,288,38,Very High,Other
32,Medan,IDN,Indonesia,40.0,46,192.3,174.66211758659574,1,ASIA,2435252,45,38,Very High,Asia
33,Clermont-Ferrand,FRA,France,31.1,190,101.4,83.25603188407155,2,EUROPE,147865,189,38,Very High,Europe
34,Hamburg,DEU,Germany,34.4,113,152.4,127.55852589539128,5,EUROPE,1845229,112,38,Very High,Europe
35,Hobart,AUS,Australia,24.8,333,103.7,82.02629639732405,1,AUSTRALIA_OCEANIA,247086,334,38,Very High,Other
36,Dusseldorf,DEU,Germany,30.3,208,142.4,104.2197077091987,2,EUROPE,588735,208,38,Very High,Europe
37,Haarlem,NLD,Netherlands,29.4,227,103.5,77.63637864468663,1,EUROPE,147590,225,38,Very High,Europe
38,"Charlotte, Nc",USA,United States Of America,25.4,319,76.4,63.6947413827759,1,NORTH_AMERICA,874579,322,38,Very High,North America
39,Frankfurt Am Main,DEU,Germany,29.9,214,158.7,125.78905485310145,3,EUROPE,650000,215,38,Very High,Europe
40,Kocaeli,TUR,Turkey,27.1,282,86.2,74.78118863401716,1,ASIA,9200,282,38,Very High,Asia
41,"Albany, Ga",USA,United States Of America,18.9,423,74.2,33.610395624061965,1,NORTH_AMERICA,597270,423,38,Very High,North America
42,Monterrey,MEX,Mexico,37.3,72,110.1,125.42761219609685,7,SOUTH_AMERICA,1135512,72,38,Very High,North America
43,Copenhagen,DNK,Denmark,26.3,299,156.7,129.20451576873904,1,EUROPE,1153615,299,38,Very High,Other
44,Turin,ITA,Italy,33.4,132,170.9,155.73019945101024,2,EUROPE,847287,132,37,Very High,Europe
45,Montreal,CAN,Canada,28.4,252,132.9,109.88323648811416,5,NORTH_AMERICA,3678000,252,37,Very High,North America
46,Cork,IRL,Ireland,40.6,38,131.1,138.4697421965741,0,EUROPE,190384,38,37,Very High,Europe
47,Belfast,GBR,United Kingdom,45.3,15,122.6,139.02568256420034,4,EUROPE,345418,15,37,Very High,Europe
48,"Syracuse, Ny",USA,United States Of America,13.3,477,84.5,26.193577477229326,1,NORTH_AMERICA,407259,476,37,Very High,North America
49,Belo Horizonte,BRA,Brazil,38.7,58,163.0,166.00649719979995,2,SOUTH_AMERICA,5575000,56,37,Very High,South America
50,Den Bosch,NLD,Netherlands,28.9,237,64.5,59.835909246385796,2,EUROPE,152000,239,37,Very High,Europe
51,Reykjavík,ISL,Iceland,26.9,284,120.0,111.03117733706165,1,EUROPE,118918,284,37,Very High,Other
52,"Denver, Co",USA,United States Of America,26.8,285,86.6,69.96094024317111,1,NORTH_AMERICA,2787266,285,37,Very High,North America
53,"Phoenix, Az",USA,United States Of America,23.5,359,64.6,51.44204233026903,1,NORTH_AMERICA,4081849,359,37,Very High,North America
54,Rio De Janeiro,BRA,Brazil,38.8,54,128.7,123.28691449489736,-3,SOUTH_AMERICA,6747815,55,37,Very High,South America
55,"Gdansk, Gdynia And Sopot",POL,Poland,35.2,95,138.6,137.0554393668073,2,EUROPE,461865,95,37,Very High,Other
56,Rotterdam,NLD,Netherlands,30.0,212,96.6,82.51323828827321,3,EUROPE,598199,212,37,Very High,Europe
57,"San Antonio, Tx",USA,United States Of America,17.9,440,61.3,41.234841286649925,0,NORTH_AMERICA,1434625,440,37,Very High,North America
58,"Minneapolis, Mn",USA,United States Of America,18.6,425,76.9,45.50847367949922,1,NORTH_AMERICA,2926757,428,37,Very High,North America
59,Aachen,DEU,Germany,31.4,178,92.4,72.91712085283427,-4,EUROPE,265208,178,37,Very High,Europe
60,Seberang Perai,MYS,Malaysia,28.4,255,87.0,77.69959257634406,0,ASIA,107591,254,36,Very High,Other
61,"Thousand Oaks, Ca",USA,United States Of America,17.5,445,51.6,24.390160087680698,0,NORTH_AMERICA,129339,445,36,Very High,North America
62,Ar-Rayyan,QAT,Qatar,16.6,452,96.3,41.18958384838402,-2,ASIA,344939,452,36,Very High,Other
63,Katowice,POL,Poland,28.7,244,85.1,69.56314274708672,3,EUROPE,2710397,244,36,Very High,Other
64,Reading,GBR,United Kingdom,36.5,81,123.3,115.22031907199568,3,EUROPE,318014,81,36,Very High,Europe
65,Pescara,ITA,Italy,25.3,324,110.8,75.85706567120002,1,EUROPE,119554,323,36,Very High,Europe
66,Kiel,DEU,Germany,35.2,94,105.6,83.22205630713535,6,EUROPE,246601,96,36,Very High,Europe
67,Paris,FRA,France,29.9,215,173.3,159.32264655811014,2,EUROPE,9904000,213,36,Very High,Europe
68,"Boston, Ma",USA,United States Of America,30.3,209,101.1,97.13333904791591,2,NORTH_AMERICA,4637537,209,36,Very High,North America
69,Odense,DNK,Denmark,27.2,278,131.6,92.83909316517381,1,EUROPE,180863,277,36,Very High,Other
70,Lugano,CHE,Switzerland,31.3,179,93.8,94.07141050431659,-1,EUROPE,145000,185,36,Very High,Other
71,"Fresno, Ca",USA,United States Of America,19.8,415,61.2,32.84931355243171,0,NORTH_AMERICA,520052,415,36,Very High,North America
72,Seville,ESP,Spain,19.7,416,130.6,85.17543088366025,0,EUROPE,1212045,416,36,Very High,Europe
73,Keelung,TWN,Taiwan,23.1,366,122.1,71.43559148984366,2,ASIA,397515,366,36,Very High,Other
74,Riga,LVA,Latvia,35.3,93,141.3,148.01365267773704,-9,EUROPE,742572,93,36,Very High,Other
75,Cape Town,ZAF,South Africa,35.9,85,143.9,114.2499030378865,4,AFRICA,4710000,85,36,Very High,Other
76,"Las Vegas, Nv",USA,United States Of America,22.5,377,92.8,57.99186316115427,0,NORTH_AMERICA,2073045,377,36,Very High,North America
77,Adana,TUR,Turkey,33.8,125,121.4,95.31973352922904,-1,EUROPE,1779463,124,36,Very High,Asia
78,Wollongong,AUS,Australia,21.1,397,80.5,48.15527645277689,1,AUSTRALIA_OCEANIA,280153,398,36,Very High,Other
79,Port Said,EGY,Egypt,8.8,499,159.8,47.37111149345026,0,AFRICA,780515,499,36,Very High,Other
80,Palembang,IDN,Indonesia,40.8,33,167.5,148.49300643027698,3,ASIA,1668848,33,36,Very High,Asia
81,Mecca,SAU,Saudi Arabia,11.5,490,91.5,28.35700261213367,0,ASIA,1578722,490,35,Very High,Other
82,Barranquilla,COL,Colombia,45.0,16,216.6,204.36475219979354,-2,SOUTH_AMERICA,1206319,16,35,Very High,Other
83,Murcia,ESP,Spain,20.8,400,103.6,68.74288197560344,1,EUROPE,460349,400,35,Very High,Europe
84,Charleroi,BEL,Belgium,21.3,393,85.2,50.21336477002319,2,EUROPE,200132,392,35,Very High,Europe
85,Brighton And Hove,GBR,United Kingdom,34.7,102,118.3,105.38598314184509,1,EUROPE,474485,104,35,Very High,Europe
86,Burgas,BGR,Bulgaria,31.7,170,111.6,84.83562897465092,-1,EUROPE,195966,171,35,Very High,Other
87,Munich,DEU,Germany,32.2,155,143.3,126.75112032410016,2,EUROPE,1260391,154,35,Very High,Europe
88,Pamplona,ESP,Spain,19.4,419,131.2,63.35924954435811,-8,EUROPE,209672,419,35,Very High,Europe
89,Naples,ITA,Italy,35.8,87,125.0,130.60702828691285,-1,EUROPE,909048,87,35,Very High,Europe
90,Innsbruck,AUT,Austria,22.9,369,85.9,48.070380187225,2,EUROPE,132493,369,35,Very High,Other
91,"Seattle, Wa",USA,United States Of America,31.2,188,101.4,84.28297932366084,3,NORTH_AMERICA,3643765,188,35,Very High,North America
92,Vancouver,CAN,Canada,35.2,96,162.3,134.97608248353038,5,NORTH_AMERICA,2313328,94,35,Very High,North America
93,Valladolid,ESP,Spain,18.1,436,120.5,85.45970876153922,3,EUROPE,299265,435,35,Very High,Europe
94,Poznan,POL,Poland,40.1,43,162.4,167.08815764771964,1,EUROPE,570352,43,35,Very High,Other
95,Wiesbaden,DEU,Germany,30.9,195,117.8,89.15007613759775,-7,EUROPE,617126,196,35,Very High,Europe
96,"New Orleans, La",USA,United States Of America,25.5,318,109.5,79.81655040079337,4,NORTH_AMERICA,1029123,318,35,Very High,North America
97,Al Baha,SAU,Saudi Arabia,6.7,501,67.7,11.75423624207184,-1,ASIA,88419,501,35,Very High,Other
98,Taipei,TWN,Taiwan,33.0,140,174.4,151.96201159452266,4,ASIA,7871900,140,34,High,Other
99,"Miami, Fl",USA,United States Of America,33.2,138,106.0,98.33129335282831,3,NORTH_AMERICA,6381966,137,34,High,North America
100,Zurich,CHE,Switzerland,33.3,133,157.8,147.46743337728986,1,EUROPE,700000,133,34,High,Other
101,Munster,DEU,Germany,33.5,131,127.5,90.73301140540582,4,EUROPE,310000,131,34,High,Europe
102,Medina,SAU,Saudi Arabia,10.8,492,87.4,23.51569121064196,-11,ASIA,1300000,492,34,High,Other
103,Abu Dhabi,ARE,United Arab Emirates,20.7,403,124.1,61.032378175474435,-1,ASIA,603492,401,34,High,Other
104,"Mesa, Az",USA,United States Of America,16.3,460,57.9,27.762528948772967,0,NORTH_AMERICA,471825,461,34,High,North America
105,Sendai,JPN,Japan,43.3,22,183.6,174.43546457086245,0,ASIA,1096704,22,34,High,Asia
106,Cali,COL,Colombia,43.1,23,175.9,177.86462976164762,-3,SOUTH_AMERICA,2392877,23,34,High,Other
107,Brasilia,BRA,Brazil,25.3,323,97.2,73.00158893618976,1,SOUTH_AMERICA,2207718,324,34,High,South America
108,Braga,PRT,Portugal,25.0,329,102.1,93.64720307808102,0,EUROPE,121394,331,34,High,Other
109,Duisburg,DEU,Germany,31.8,168,67.7,59.95273545248216,-2,EUROPE,504358,168,34,High,Europe
110,Christchurch,NZL,New Zealand,32.0,160,131.1,121.52351984236623,2,AUSTRALIA_OCEANIA,363926,160,34,High,Other
111,Liege,BEL,Belgium,26.2,304,95.5,72.48454606171663,2,EUROPE,749110,304,34,High,Europe
112,Le Havre,FRA,France,26.2,301,138.1,86.01357961215388,1,EUROPE,185972,302,34,High,Europe
113,Tours,FRA,France,22.8,370,88.2,62.89467858264288,2,EUROPE,141621,370,34,High,Europe
114,"Houston, Tx",USA,United States Of America,31.0,193,76.9,77.29205524537466,1,NORTH_AMERICA,5446468,194,34,High,North America
115,Aarhus,DNK,Denmark,30.1,210,132.7,106.76984081244677,3,EUROPE,237551,211,34,High,Other
116,Malaga,ESP,Spain,20.6,405,120.7,71.37099255057672,1,EUROPE,578460,404,34,High,Europe
117,Padua,ITA,Italy,23.3,362,78.3,58.167953329314514,2,EUROPE,234678,361,34,High,Europe
118,"Chicago, Il",USA,United States Of America,31.2,187,119.1,102.87225911924241,4,NORTH_AMERICA,8675982,187,34,High,North America
119,Mannheim,DEU,Germany,25.9,309,129.1,81.70926103630018,2,EUROPE,307960,310,34,High,Europe
120,Tokyo,JPN,Japan,30.4,207,163.5,128.52293158038418,4,ASIA,8336599,206,34,High,Asia
121,"New Haven, Ct",USA,United States Of America,24.4,339,115.8,74.59303588755216,2,NORTH_AMERICA,568144,339,33,High,North America
122,Stoke-On-Trent,GBR,United Kingdom,32.5,149,102.1,93.9984277225683,3,EUROPE,258366,149,33,High,Europe
123,London,GBR,United Kingdom,32.4,150,199.7,176.94636973792137,4,EUROPE,8961989,150,33,High,Europe
124,Chiang Mai,THA,Thailand,36.8,79,141.1,113.75682323539533,3,ASIA,127240,78,33,High,Asia
125,Catania,ITA,Italy,38.8,55,142.5,148.01663483460402,3,EUROPE,674542,54,33,High,Europe
126,Kajang,MYS,Malaysia,23.3,361,75.3,65.4431557902482,1,ASIA,50000,362,33,High,Other
127,Kuala Lumpur,MYS,Malaysia,28.3,256,104.6,107.68422973635558,-1,ASIA,1453975,258,33,High,Other
128,Bradford,GBR,United Kingdom,35.0,99,132.8,126.41264299805684,3,EUROPE,366187,98,33,High,Europe
129,Tijuana,MEX,Mexico,33.2,135,117.3,89.46832764836773,2,SOUTH_AMERICA,1922523,136,33,High,North America
130,Hamilton,NZL,New Zealand,26.2,302,115.1,86.8450338670994,1,AUSTRALIA_OCEANIA,178500,303,33,High,Other
131,Bielsko-Biala,POL,Poland,29.0,234,102.5,82.45995615101546,1,EUROPE,176515,236,33,High,Other
132,Krakow,POL,Poland,40.7,36,144.0,153.8192541183382,-2,EUROPE,755050,35,33,High,Other
133,Bloemfontein,ZAF,South Africa,26.7,286,126.0,79.88281609345273,-1,AFRICA,556000,286,33,High,Other
134,Kortrijk,BEL,Belgium,28.0,263,78.5,66.51667391907772,2,EUROPE,191000,263,33,High,Europe
135,Salvador,BRA,Brazil,37.0,76,114.0,110.92694060399651,1,SOUTH_AMERICA,2711840,76,33,High,South America
136,Bilbao,ESP,Spain,14.8,466,100.8,39.12055141485746,-1,EUROPE,875552,466,32,High,Europe
137,Vitoria-Gasteiz,ESP,Spain,22.3,381,137.4,70.03110375182797,2,EUROPE,249176,378,32,High,Europe
138,Thessaloniki,GRC,Greece,33.8,124,137.4,125.45086085546964,14,EUROPE,807000,121,32,High,Other
139,Ernakulam,IND,India,31.6,174,171.0,139.0628299280272,6,ASIA,851406,174,32,High,Asia
140,Parma,ITA,Italy,23.6,356,93.1,62.0850179511591,1,EUROPE,198292,356,32,High,Europe
141,"Los Angeles, Ca",USA,United States Of America,43.4,20,98.7,115.91097488541641,2,NORTH_AMERICA,12815475,21,32,High,North America
142,Jeddah,SAU,Saudi Arabia,14.0,471,87.5,41.71585563794946,0,ASIA,3012000,470,32,High,Other
143,Dresden,DEU,Germany,34.5,108,131.4,104.39167694480875,2,EUROPE,556227,110,32,High,Europe
144,Bielefeld,DEU,Germany,33.8,122,116.3,86.76029124419222,3,EUROPE,331906,125,32,High,Europe
145,Winnipeg,CAN,Canada,26.0,307,138.1,117.22391423618976,2,NORTH_AMERICA,749607,307,32,High,North America
146,"Sacramento, Ca",USA,United States Of America,24.1,346,63.9,47.839649933022,1,NORTH_AMERICA,1854698,346,32,High,North America
147,Arnhem,NLD,Netherlands,28.4,251,81.9,68.60011642982118,1,EUROPE,141674,255,32,High,Europe
148,"San Jose, Ca",USA,United States Of America,28.7,246,73.1,66.87560595140349,1,NORTH_AMERICA,1026908,245,32,High,North America
149,"Akron, Oh",USA,United States Of America,12.4,482,63.0,21.17732084744337,1,NORTH_AMERICA,704243,482,32,High,North America
150,Riyadh,SAU,Saudi Arabia,27.9,265,100.1,90.85153381103189,2,ASIA,4205961,267,32,High,Other
151,Ipoh,MYS,Malaysia,26.1,306,130.8,80.80587574985151,1,ASIA,840000,305,32,High,Other
152,"Knoxville, Tn",USA,United States Of America,16.5,454,61.9,31.527710204846812,1,NORTH_AMERICA,585249,455,32,High,North America
153,Chennai,IND,India,29.0,235,182.0,147.97040738318628,1,ASIA,4681087,234,32,High,Asia
154,Vienna,AUT,Austria,30.4,206,177.9,149.22590822122123,5,EUROPE,1691468,205,32,High,Other
155,New Delhi,IND,India,32.6,147,140.4,120.03146579011036,1,ASIA,15926000,147,32,High,Asia
156,Karlsruhe,DEU,Germany,24.8,334,91.5,61.935692420578846,-1,EUROPE,283799,335,32,High,Europe
157,"Jacksonville, Fl",USA,United States Of America,20.3,410,64.3,41.33023803118343,1,NORTH_AMERICA,954614,410,32,High,North America
158,Cordoba,ARG,Argentina,23.2,363,163.6,94.05396698446827,1,SOUTH_AMERICA,1317298,363,32,High,South America
159,Grenoble,FRA,France,31.1,191,89.3,85.59070041210268,1,EUROPE,388574,190,32,High,Europe
160,Ecatepec,MEX,Mexico,27.8,268,115.4,70.52461897961345,4,SOUTH_AMERICA,15235,268,31,High,North America
161,Yokohama,JPN,Japan,27.6,271,113.6,74.73734621151755,1,ASIA,3761630,271,31,High,Asia
162,Kitchener,CAN,Canada,17.7,443,89.0,41.20288172444393,2,NORTH_AMERICA,256885,443,31,High,North America
163,Dammam,SAU,Saudi Arabia,18.4,430,95.6,55.619192075591656,-1,ASIA,1252523,430,31,High,Other
164,Kyoto,JPN,Japan,38.6,60,199.6,148.7451497935204,2,ASIA,1463723,59,31,High,Asia
165,Darwin,AUS,Australia,16.4,458,86.5,44.39554452662489,1,AUSTRALIA_OCEANIA,147255,457,31,High,Other
166,"Portland, Me",USA,United States Of America,21.3,392,78.7,40.69261167200332,2,NORTH_AMERICA,66881,394,31,High,North America
167,Liverpool,GBR,United Kingdom,34.7,103,151.5,135.8860261072843,5,EUROPE,864122,102,31,High,Europe
168,"Orlando, Fl",USA,United States Of America,22.6,373,70.5,44.872163846662005,1,NORTH_AMERICA,1776841,375,31,High,North America
169,Bologna,ITA,Italy,33.2,137,101.4,101.98483609983896,6,EUROPE,394843,138,31,High,Europe
170,Amersfoort,NLD,Netherlands,21.8,383,58.8,38.91335299106444,1,EUROPE,139914,384,31,High,Europe
171,"Richmond, Va",USA,United States Of America,12.3,486,59.4,26.710196053272085,0,NORTH_AMERICA,1059907,486,31,High,North America
172,Bergen,NOR,Norway,14.0,470,78.2,42.91911241299189,2,EUROPE,285911,471,31,High,Other
173,"Hartford, Ny",USA,United States Of America,13.0,478,77.2,23.828152422479263,0,NORTH_AMERICA,914751,478,31,High,North America
174,Tainan,TWN,Taiwan,28.3,258,194.9,119.29247856559118,6,ASIA,1876312,256,31,High,Other
175,"Baton Rouge, La",USA,United States Of America,28.8,240,73.3,59.79940058140714,2,NORTH_AMERICA,583613,241,31,High,North America
176,Norwich,GBR,United Kingdom,35.9,86,102.0,95.33253401442502,1,EUROPE,143135,86,31,High,Europe
177,Tampere,FIN,Finland,20.4,409,105.8,52.894733075984476,-1,EUROPE,244315,409,31,High,Other
178,Maribor,SVN,Slovenia,23.7,354,94.4,60.00460533753642,0,EUROPE,97019,353,31,High,Other
179,Stockholm Metropolitan Area,SWE,Sweden,26.6,287,115.7,108.93339352336432,2,EUROPE,1515017,287,31,High,Other
180,Augsburg,DEU,Germany,29.3,229,111.9,80.8975307392526,2,EUROPE,259196,229,31,High,Europe
181,Prato,ITA,Italy,29.5,222,84.7,78.56843747366858,1,EUROPE,195089,223,30,High,Europe
182,Reggio Calabria,ITA,Italy,26.3,298,96.8,67.72734372252319,1,EUROPE,182455,300,30,High,Europe
183,Stavanger,NOR,Norway,17.9,438,93.6,61.0485665607099,1,EUROPE,144877,439,30,High,Other
184,"Salt Lake City, Ut",USA,United States Of America,17.7,441,65.6,35.65124247835951,0,NORTH_AMERICA,1098400,444,30,High,North America
185,"Austin, Tx",USA,United States Of America,27.0,283,83.0,70.59377300422966,1,NORTH_AMERICA,931830,283,30,High,North America
186,Basel,CHE,Switzerland,27.5,272,107.0,77.71622265492184,3,EUROPE,830000,273,30,High,Other
187,"El Paso, Nm",USA,United States Of America,18.3,431,73.7,33.892324547456184,2,NORTH_AMERICA,681124,433,30,High,North America
188,Linz,AUT,Austria,23.8,351,97.0,69.00555011652568,-2,EUROPE,204846,351,30,High,Other
189,Montevideo,URY,Uruguay,25.0,330,163.7,101.14537114742228,5,SOUTH_AMERICA,1270737,329,30,High,Other
190,Bydgoszcz,POL,Poland,38.0,67,138.7,134.070745874642,-3,EUROPE,366452,67,30,High,Other
191,Manchester,GBR,United Kingdom,32.1,157,148.6,148.50913844386218,4,EUROPE,2230000,157,30,High,Europe
192,Santiago,CHL,Chile,35.5,89,138.5,158.0192141981409,1,SOUTH_AMERICA,4837295,88,30,High,Other
193,"Portland, Or",USA,United States Of America,28.2,259,86.2,73.46274832446338,1,NORTH_AMERICA,652503,259,30,High,North America
194,"Winston-Salem, Nc",USA,United States Of America,13.5,474,60.8,23.9198862237715,1,NORTH_AMERICA,241218,475,30,High,North America
195,"Newark, De",USA,United States Of America,21.2,395,58.9,31.52028126679113,1,NORTH_AMERICA,33817,395,30,High,North America
196,Mumbai,IND,India,34.5,109,176.6,161.61123174411188,-2,ASIA,12691836,108,30,High,Asia
197,Laqţah,QAT,Qatar,9.4,496,72.8,18.525233407409814,-2,ASIA,344939,496,30,High,Other
198,Turku,FIN,Finland,25.9,310,134.5,85.35319845276916,1,EUROPE,195301,309,30,High,Other
199,Dunedin,NZL,New Zealand,25.7,313,122.4,77.70273241591119,1,AUSTRALIA_OCEANIA,133300,312,30,High,Other
200,"Riverside, Ca",USA,United States Of America,30.8,198,61.7,55.61266633151615,1,NORTH_AMERICA,2084749,200,30,High,North America
201,"Columbia, Sc",USA,United States Of America,23.4,360,114.5,66.59713534797984,1,NORTH_AMERICA,800495,360,30,High,North America
202,"High Point, Nc",USA,United States Of America,15.0,465,60.5,22.138626924620638,0,NORTH_AMERICA,110268,465,29,Moderate,North America
203,Bandung,IDN,Indonesia,47.5,8,195.7,169.3976717765995,3,ASIA,2444160,8,29,Moderate,Asia
204,Utrecht,NLD,Netherlands,28.7,242,86.6,67.65330717118059,3,EUROPE,361742,243,29,Moderate,Europe
205,Nicosia,CYP,Cyprus,40.6,37,157.5,155.3465424286333,1,ASIA,200452,37,29,Moderate,Other
206,Limerick,IRL,Ireland,38.5,61,109.3,102.89624958940968,2,EUROPE,94192,61,29,Moderate,Europe
207,Plymouth,GBR,United Kingdom,31.3,184,111.1,88.1987568694172,0,EUROPE,260203,183,29,Moderate,Europe
208,Marseille,FRA,France,30.9,197,163.4,146.79715067213382,3,EUROPE,870731,195,29,Moderate,Europe
209,"Boise, Id",USA,United States Of America,25.8,311,98.7,58.880889522535654,1,NORTH_AMERICA,385218,311,29,Moderate,North America
210,Brescia,ITA,Italy,24.0,347,76.5,54.61769988801714,2,EUROPE,200423,348,29,Moderate,Europe
211,Kassel,DEU,Germany,35.5,88,122.0,100.93898696763264,0,EUROPE,194501,89,29,Moderate,Europe
212,"Colorado Springs, Co",USA,United States Of America,19.8,414,70.9,36.38145773648472,0,NORTH_AMERICA,456568,414,29,Moderate,North America
213,Valencia,ESP,Spain,23.5,358,157.8,97.97735082195481,4,EUROPE,792492,358,29,Moderate,Europe
214,Ajman,ARE,United Arab Emirates,18.6,426,95.3,51.50303387601517,4,ASIA,1274749,427,29,Moderate,Other
215,Salzburg,AUT,Austria,37.4,71,150.2,122.93320883417096,3,EUROPE,157245,71,29,Moderate,Other
216,Monchengladbach,DEU,Germany,24.8,336,113.5,64.65694108390164,3,EUROPE,261742,333,29,Moderate,Europe
217,Melbourne,AUS,Australia,33.6,128,134.1,131.81479730513126,2,AUSTRALIA_OCEANIA,4917750,128,29,Moderate,Other
218,Bruges,BEL,Belgium,21.7,385,80.3,46.55236702056564,0,EUROPE,117577,385,29,Moderate,Europe
219,Salto,URY,Uruguay,10.1,494,117.7,29.325484325278154,4,SOUTH_AMERICA,99823,494,29,Moderate,Other
220,"Fort Worth, Tx",USA,United States Of America,21.5,391,64.0,42.65349614414232,0,NORTH_AMERICA,918915,391,29,Moderate,North America
221,Hawalli,KWT,Kuwait,20.7,402,77.7,56.68594259576392,0,ASIA,164212,403,29,Moderate,Other
222,Cadiz,ESP,Spain,14.4,469,103.3,41.545533518626456,1,EUROPE,126766,469,29,Moderate,Europe
223,Recife,BRA,Brazil,44.8,18,153.0,170.49410622684258,0,SOUTH_AMERICA,3651000,18,29,Moderate,South America
224,Leipzig,DEU,Germany,37.2,74,154.3,134.48496753507393,2,EUROPE,504971,73,29,Moderate,Europe
225,"Indianapolis, In",USA,United States Of America,18.1,435,75.2,47.88299202548356,0,NORTH_AMERICA,887642,436,29,Moderate,North America
226,"Birmingham, Al",USA,United States Of America,18.5,429,64.8,39.52601891838644,0,NORTH_AMERICA,25708,429,29,Moderate,North America
227,"Providence, Ri",USA,United States Of America,31.1,189,85.9,83.59558625908306,7,NORTH_AMERICA,1206642,191,29,Moderate,North America
228,Bogota,COL,Colombia,45.0,17,176.3,186.80513237674555,1,SOUTH_AMERICA,7674366,17,28,Moderate,Other
229,Espoo,FIN,Finland,11.7,488,61.3,19.659568471926406,1,EUROPE,256760,489,28,Moderate,Other
230,Al Ahsa,SAU,Saudi Arabia,9.0,498,84.6,20.93946436907322,0,ASIA,12013,497,28,Moderate,Other
231,"Allentown, Pa",USA,United States Of America,22.3,382,96.6,53.90132931958621,2,NORTH_AMERICA,682899,381,28,Moderate,North America
232,Nakhon Ratchasima,THA,Thailand,32.9,143,125.7,103.28904244162283,0,ASIA,126391,142,28,Moderate,Asia
233,"Greensboro, Nc",USA,United States Of America,15.4,463,72.2,28.864832850982708,0,NORTH_AMERICA,285342,463,28,Moderate,North America
234,Bayonne,FRA,France,28.8,241,80.1,68.51406263560517,1,EUROPE,44396,240,28,Moderate,Europe
235,Klang,MYS,Malaysia,16.8,448,78.9,43.597129208828676,-1,ASIA,879867,447,28,Moderate,Other
236,George Town,MYS,Malaysia,40.0,45,159.6,117.47391335049372,1,ASIA,158336,46,28,Moderate,Other
237,Ravenna,ITA,Italy,24.1,345,89.2,62.22399483591789,2,EUROPE,80868,345,28,Moderate,Europe
238,Osaka,JPN,Japan,32.0,161,137.8,103.75835932652583,2,ASIA,11294000,159,28,Moderate,Asia
239,Palma De Mallorca,ESP,Spain,25.4,320,102.5,77.99791996843646,0,EUROPE,401270,320,28,Moderate,Europe
240,Inverness,GBR,United Kingdom,29.8,216,103.8,70.54176821632342,1,EUROPE,47790,216,28,Moderate,Europe
241,Sheffield,GBR,United Kingdom,38.7,57,143.5,143.31186992678627,2,EUROPE,1292900,57,28,Moderate,Europe
242,Dubai,ARE,United Arab Emirates,24.5,338,108.3,72.74762784433346,7,ASIA,1379000,338,28,Moderate,Other
243,Jaipur,IND,India,31.5,177,170.8,131.2046943186479,2,ASIA,2711758,176,28,Moderate,Asia
244,Kayseri,TUR,Turkey,23.6,357,108.2,57.56041400754572,-1,EUROPE,592840,355,28,Moderate,Asia
245,Pretoria,ZAF,South Africa,34.3,115,135.1,112.59303890154962,0,AFRICA,1619438,115,27,Moderate,Other
246,"Tucson, Az",USA,United States Of America,21.5,390,75.7,41.16923693518828,0,NORTH_AMERICA,531641,390,27,Moderate,North America
247,Sapporo,JPN,Japan,34.9,100,183.6,139.992135578447,3,ASIA,1973832,100,27,Moderate,Asia
248,Giza,EGY,Egypt,15.3,464,115.7,51.99127089642636,-8,AFRICA,4367343,464,27,Moderate,Other
249,Da Nang,VNM,Vietnam,10.6,493,84.7,26.207278260838223,5,ASIA,988561,493,27,Moderate,Other
250,Fujairah,ARE,United Arab Emirates,11.7,487,94.6,24.254058613255324,0,ASIA,82310,488,27,Moderate,Other
251,"Baltimore, Md",USA,United States Of America,22.6,376,94.5,61.73031004492225,6,NORTH_AMERICA,2170504,374,27,Moderate,North America
252,Mons,BEL,Belgium,21.8,384,71.2,45.465684310617064,1,EUROPE,95299,383,27,Moderate,Europe
253,Oslo,NOR,Norway,24.3,341,115.3,99.23206798699084,2,EUROPE,580000,341,27,Moderate,Other
254,"Greenville, Ga",USA,United States Of America,25.3,325,88.2,55.942256961689736,1,NORTH_AMERICA,467894,325,27,Moderate,North America
255,Johor Bahru,MYS,Malaysia,24.0,348,119.8,77.50315822851175,0,ASIA,858118,347,27,Moderate,Other
256,Wuppertal,DEU,Germany,31.7,169,74.1,58.845871410036835,1,EUROPE,776525,173,27,Moderate,Europe
257,Nagoya,JPN,Japan,33.5,130,159.1,117.30589433458954,2,ASIA,2191279,130,27,Moderate,Asia
258,Bialystok,POL,Poland,31.3,181,116.6,94.64882642950175,0,EUROPE,291855,182,27,Moderate,Other
259,Rome,ITA,Italy,35.1,97,179.9,162.35997714683435,3,EUROPE,2318895,97,27,Moderate,Europe
260,San Sebastian,ESP,Spain,17.7,444,97.0,44.175455281052535,1,EUROPE,185357,442,27,Moderate,Europe
261,"Mcallen, Tx",USA,United States Of America,25.4,321,91.0,56.35669874150608,-1,NORTH_AMERICA,800904,321,27,Moderate,North America
262,Kobe,JPN,Japan,30.6,203,118.1,80.20059089367305,0,ASIA,1522188,203,27,Moderate,Asia
263,Valletta,MLT,Malta,38.3,66,131.2,133.32443057770257,-1,EUROPE,2489,64,27,Moderate,Other
264,Istanbul,TUR,Turkey,40.7,35,134.5,151.17054009879058,2,EUROPE,14804116,36,27,Moderate,Asia
265,"Rochester, Ny",USA,United States Of America,16.7,450,77.6,30.98283789188241,1,NORTH_AMERICA,711998,449,27,Moderate,North America
266,Lausanne,CHE,Switzerland,28.3,257,127.3,111.47050656628318,2,EUROPE,139111,257,27,Moderate,Other
267,Bucharest,ROU,Romania,48.1,5,186.9,235.82931245864972,2,EUROPE,1877155,5,26,Moderate,Other
268,Le Mans,FRA,France,28.5,249,100.9,74.97419220709173,0,EUROPE,144515,249,26,Moderate,Europe
269,Ipswich,GBR,United Kingdom,29.4,225,79.7,60.62114193879718,1,EUROPE,178835,227,26,Moderate,Europe
270,Kolkata,IND,India,31.7,173,207.3,172.87539647293693,1,ASIA,4631392,169,26,Moderate,Asia
271,Auckland,NZL,New Zealand,30.9,196,113.9,115.06577709873346,1,AUSTRALIA_OCEANIA,1377200,197,26,Moderate,Other
272,"Anaheim, Ca",USA,United States Of America,26.1,305,67.9,53.872133382646865,1,NORTH_AMERICA,350742,306,26,Moderate,North America
273,Hong Kong,HKG,Hong Kong,30.1,211,141.0,112.48770053454035,-5,ASIA,7491609,210,26,Moderate,Other
274,Groningen,NLD,Netherlands,32.0,159,97.8,69.44170326890696,2,EUROPE,233218,162,26,Moderate,Europe
275,Modena,ITA,Italy,23.8,350,97.4,64.62104165512403,0,EUROPE,184732,350,26,Moderate,Europe
276,Alicante,ESP,Spain,17.9,439,121.6,58.46090330282698,0,EUROPE,334757,438,26,Moderate,Europe
277,"Virginia Beach, Va",USA,United States Of America,16.3,461,66.8,25.9956984255751,0,NORTH_AMERICA,1480383,460,26,Moderate,North America
278,Funchal,PRT,Portugal,21.6,387,104.6,82.43586719797605,1,EUROPE,100847,388,26,Moderate,Other
279,Bremen,DEU,Germany,34.6,106,112.1,90.62961438889138,0,EUROPE,546501,107,26,Moderate,Europe
280,Nottingham,GBR,United Kingdom,35.4,90,138.5,129.69728356435675,4,EUROPE,666358,90,26,Moderate,Europe
281,Nantes,FRA,France,31.6,175,150.6,151.09113207053184,1,EUROPE,318808,175,26,Moderate,Europe
282,"Raleigh, Nc",USA,United States Of America,18.3,434,64.7,37.47300092466287,1,NORTH_AMERICA,1018336,434,26,Moderate,North America
283,Swansea,GBR,United Kingdom,36.6,80,133.8,118.01246732043992,2,EUROPE,300352,80,26,Moderate,Europe
284,"Cape Coral, Fl",USA,United States Of America,29.1,233,83.1,60.67457943828035,1,NORTH_AMERICA,175229,233,25,Moderate,North America
285,Amsterdam,NLD,Netherlands,26.4,295,135.6,95.56639397497045,8,EUROPE,741636,293,25,Moderate,Europe
286,Kuwait City,KWT,Kuwait,24.1,344,90.1,54.26893411841863,-1,ASIA,2063000,344,25,Moderate,Other
287,"New York, Ny",USA,United States Of America,29.5,224,186.6,153.82482811386546,4,NORTH_AMERICA,19354922,221,25,Moderate,North America
288,Leiden,NLD,Netherlands,25.7,312,78.0,52.36297774358911,-4,EUROPE,119713,314,25,Moderate,Europe
289,Tauranga,NZL,New Zealand,29.6,219,95.9,78.66340505096491,-2,AUSTRALIA_OCEANIA,155200,220,25,Moderate,Other
290,Brussels,BEL,Belgium,32.9,141,182.2,185.54973684159347,3,EUROPE,1019022,141,25,Moderate,Europe
291,Messina,ITA,Italy,32.2,156,123.3,99.01788244048396,-2,EUROPE,219948,155,25,Moderate,Europe
292,Taoyuan,TWN,Taiwan,32.3,152,121.5,115.26808065267815,2,ASIA,2136702,152,25,Moderate,Other
293,Canberra,AUS,Australia,21.6,388,95.0,69.21124827993526,0,AUSTRALIA_OCEANIA,367752,389,25,Moderate,Other
294,Gothenburg,SWE,Sweden,20.5,407,100.2,78.39282312375141,-1,EUROPE,549839,408,25,Moderate,Other
295,Malmo,SWE,Sweden,20.1,411,129.5,76.61241439347646,2,EUROPE,280415,411,25,Moderate,Other
296,Adelaide,AUS,Australia,34.6,105,133.5,134.3537036511516,1,AUSTRALIA_OCEANIA,1387290,105,25,Moderate,Other
297,Varna,BGR,Bulgaria,34.7,104,136.2,126.4468860124305,0,EUROPE,312770,103,25,Moderate,Other
298,Taichung,TWN,Taiwan,28.6,247,159.7,112.32607404356912,2,ASIA,2629323,247,25,Moderate,Other
299,Brisbane,AUS,Australia,28.9,239,116.5,111.26019056060022,1,AUSTRALIA_OCEANIA,2582007,238,25,Moderate,Other
300,Nice,FRA,France,28.9,238,152.9,132.50498886688894,4,EUROPE,342669,237,25,Moderate,Europe
301,Toronto,CAN,Canada,31.3,185,151.3,121.23671714188129,8,NORTH_AMERICA,5213000,179,25,Moderate,North America
302,Davao City,PHL,Philippines,49.1,3,197.9,213.8342027349484,-3,ASIA,2123,3,25,Moderate,Asia
303,Ras Al Khaimah,ARE,United Arab Emirates,11.7,489,98.9,27.052358040342256,1,ASIA,351943,487,25,Moderate,Other
304,Plovdiv,BGR,Bulgaria,48.0,6,163.8,167.72572897064532,0,EUROPE,346893,6,25,Moderate,Other
305,"Milwaukee, Wi",USA,United States Of America,18.3,433,83.5,47.079152768539416,1,NORTH_AMERICA,1377808,432,25,Moderate,North America
306,Szczecin,POL,Poland,37.6,69,136.0,131.8567331147981,0,EUROPE,407811,70,25,Moderate,Other
307,Sao Paulo,BRA,Brazil,41.5,30,162.6,173.98628746796487,0,SOUTH_AMERICA,12400232,30,25,Moderate,South America
308,Helsingborg,SWE,Sweden,18.6,424,100.2,48.620888694113546,-2,EUROPE,104250,425,25,Moderate,Other
309,"Wichita, Ks",USA,United States Of America,12.5,481,63.6,19.938437422782016,0,NORTH_AMERICA,389965,481,25,Moderate,North America
310,Southampton,GBR,United Kingdom,37.9,68,123.1,121.19395890104795,9,EUROPE,269781,68,25,Moderate,Europe
311,Vigo,ESP,Spain,18.0,437,125.3,58.246349218356414,2,EUROPE,297332,437,25,Moderate,Europe
312,Kota Bharu,MYS,Malaysia,33.8,121,135.0,94.62266929124337,-2,ASIA,568900,122,24,Low,Other
313,Uppsala,SWE,Sweden,20.1,412,115.5,68.90931084641096,1,EUROPE,177074,412,24,Low,Other
314,Wroclaw,POL,Poland,38.6,59,173.6,169.03553381558896,-2,EUROPE,360044,60,24,Low,Other
315,Taranto,ITA,Italy,20.6,404,92.0,54.71497404624546,-2,EUROPE,198585,405,24,Low,Europe
316,Angers,FRA,France,23.2,364,93.0,62.79332114850925,1,EUROPE,168279,364,24,Low,Europe
317,Coimbra,PRT,Portugal,22.6,375,104.6,82.35644726976474,2,EUROPE,106582,373,24,Low,Other
318,"Cleveland, Oh",USA,United States Of America,14.6,468,71.1,27.966102817082202,1,NORTH_AMERICA,1730363,468,24,Low,North America
319,Pune,IND,India,33.6,127,200.2,169.27995396229363,-6,ASIA,3124458,127,24,Low,Asia
320,Cambridge,GBR,United Kingdom,36.4,82,124.1,127.82927305017725,2,EUROPE,145674,82,24,Low,Europe
321,Dublin,IRL,Ireland,46.9,10,196.5,243.38955297406403,4,EUROPE,1024027,10,24,Low,Europe
322,Apeldoorn,NLD,Netherlands,31.9,164,100.8,73.80154543718965,0,EUROPE,136670,164,24,Low,Europe
323,Gaziantep,TUR,Turkey,31.0,194,149.9,102.22132054174938,-1,EUROPE,1044000,192,24,Low,Asia
324,Birmingham,GBR,United Kingdom,38.3,63,124.9,139.76569365589,4,EUROPE,1144919,65,24,Low,Europe
325,Fukuoka,JPN,Japan,41.5,29,187.8,183.96755885662924,2,ASIA,1603543,29,24,Low,Asia
326,Cairo,EGY,Egypt,18.3,432,124.4,67.81963569880566,-7,AFRICA,19500000,431,24,Low,Other
327,Geneva,CHE,Switzerland,39.1,50,155.9,175.03757473948937,1,EUROPE,493000,50,23,Low,Other
328,Hiroshima,JPN,Japan,43.4,21,186.8,178.48028978773226,1,ASIA,1199391,20,23,Low,Asia
329,"Cincinnati, Ky",USA,United States Of America,16.8,447,69.1,35.031165239514905,2,NORTH_AMERICA,1648254,448,23,Low,North America
330,"Grand Rapids, Mi",USA,United States Of America,16.5,455,65.7,32.126021733503904,2,NORTH_AMERICA,1027703,454,23,Low,North America
331,Tilburg,NLD,Netherlands,23.6,355,80.2,53.23209654192519,1,EUROPE,199613,357,23,Low,Europe
332,Porto,PRT,Portugal,33.7,126,119.7,143.02576131507578,2,EUROPE,1337000,126,23,Low,Other
333,Edmonton,CAN,Canada,21.1,398,118.9,79.79342671136766,3,NORTH_AMERICA,1010899,396,23,Low,North America
334,"Anchorage, Ak",USA,United States Of America,20.7,401,102.8,54.71061878273031,-1,NORTH_AMERICA,291247,402,23,Low,North America
335,Sofia,BGR,Bulgaria,38.9,53,158.9,162.79807679844015,2,EUROPE,1152556,53,23,Low,Other
336,Izmir,TUR,Turkey,41.3,31,132.8,147.46863388340302,-1,EUROPE,2500603,31,23,Low,Asia
337,Jakarta,IDN,Indonesia,42.7,25,153.1,169.26752860286885,1,ASIA,8540121,25,23,Low,Asia
338,Breda,NLD,Netherlands,25.1,328,87.3,61.33001982782122,2,EUROPE,167673,328,23,Low,Europe
339,Trieste,ITA,Italy,39.5,49,134.2,99.64669719833145,-2,EUROPE,204338,49,23,Low,Europe
340,Orleans,FRA,France,26.5,289,124.9,103.43785516733595,1,EUROPE,116269,289,23,Low,Europe
341,Leon,MEX,Mexico,28.1,262,158.7,111.89652886931063,0,SOUTH_AMERICA,2054,260,23,Low,North America
342,"Dallas, Tx",USA,United States Of America,29.5,221,80.8,75.12788067281767,1,NORTH_AMERICA,1300092,224,23,Low,North America
343,Montpellier,FRA,France,29.5,223,103.5,98.27512023631294,2,EUROPE,248252,222,23,Low,Europe
344,Lyon,FRA,France,30.7,202,142.0,121.28992338778144,6,EUROPE,1423000,202,23,Low,Europe
345,Genoa,ITA,Italy,30.4,205,124.3,101.06857414028124,2,EUROPE,580097,207,23,Low,Europe
346,Quebec,CAN,Canada,25.2,327,100.1,76.93391694727302,2,NORTH_AMERICA,531902,326,23,Low,North America
347,Toulon,FRA,France,31.3,180,105.3,100.82373960622613,1,EUROPE,168701,184,23,Low,Europe
348,Rennes,FRA,France,29.3,228,81.4,89.67541245626518,2,EUROPE,220488,230,23,Low,Europe
349,Hull,GBR,United Kingdom,46.1,12,133.7,151.07124832561453,1,EUROPE,314018,12,22,Low,Europe
350,Dundee,GBR,United Kingdom,35.4,92,112.5,85.4093477186033,1,EUROPE,148210,91,22,Low,Europe
351,Bristol,GBR,United Kingdom,34.0,118,136.9,136.90301518247495,1,EUROPE,465866,118,22,Low,Europe
352,Luxembourg,LUX,Luxembourg,32.9,142,89.1,82.61770543690622,0,EUROPE,76684,144,22,Low,Other
353,Hsinchu,TWN,Taiwan,33.1,139,121.8,111.96030621453374,3,ASIA,404109,139,22,Low,Other
354,Nairobi,KEN,Kenya,37.6,70,156.0,148.3704921805131,1,AFRICA,4397073,69,22,Low,Other
355,Perth,AUS,Australia,25.0,331,98.9,87.37035684992185,2,AUSTRALIA_OCEANIA,2192229,332,22,Low,Other
356,Cardiff,GBR,United Kingdom,31.3,182,127.9,94.88194507811647,2,EUROPE,447287,180,22,Low,Europe
357,"San Diego, Ca",USA,United States Of America,23.9,349,70.3,53.23248722825224,1,NORTH_AMERICA,3210314,349,22,Low,North America
358,"Nashville, Tn",USA,United States Of America,26.4,297,85.7,68.78423982883612,2,NORTH_AMERICA,689447,297,22,Low,North America
359,Lisbon,PRT,Portugal,26.4,294,142.7,125.13936326215372,0,EUROPE,517802,292,22,Low,Other
360,Dortmund,DEU,Germany,27.9,264,114.1,72.97354797472391,2,EUROPE,588462,265,22,Low,Europe
361,Essen,DEU,Germany,36.2,84,94.3,88.49771688686579,3,EUROPE,593085,84,22,Low,Europe
362,Bratislava,SVK,Slovakia,31.5,176,97.9,92.95477632391669,2,EUROPE,423737,177,22,Low,Other
363,"Omaha, Ne",USA,United States Of America,12.3,484,63.6,22.971798653509182,0,NORTH_AMERICA,486051,485,22,Low,North America
364,"Albuquerque, Nm",USA,United States Of America,19.1,421,63.4,36.86305694433224,1,NORTH_AMERICA,559121,421,22,Low,North America
365,Portsmouth,GBR,United Kingdom,35.4,91,100.4,82.94092530436731,3,EUROPE,442252,92,22,Low,Europe
366,Sydney,AUS,Australia,28.4,253,141.1,118.94778617543588,-1,AUSTRALIA_OCEANIA,5231147,251,22,Low,Other
367,Newcastle,AUS,Australia,27.2,277,114.5,81.87403318183334,1,AUSTRALIA_OCEANIA,1166,278,22,Low,Other
368,Bangkok,THA,Thailand,50.3,2,131.1,151.09101919627048,2,ASIA,14565547,2,22,Low,Asia
369,"Long Beach, Ca",USA,United States Of America,28.7,243,71.2,56.45760157989699,1,NORTH_AMERICA,474140,246,21,Low,North America
370,"Oxnard, Ca",USA,United States Of America,28.4,254,90.5,58.01842956353764,2,NORTH_AMERICA,207254,253,21,Low,North America
371,"Charleston, Sc",USA,United States Of America,25.7,314,93.4,60.54738407218264,2,NORTH_AMERICA,744526,313,21,Low,North America
372,Rosario,ARG,Argentina,26.2,303,171.7,109.85677169185863,-1,SOUTH_AMERICA,948312,301,21,Low,South America
373,Helsinki,FIN,Finland,29.9,213,172.0,137.59271890230855,3,EUROPE,658864,214,21,Low,Other
374,Middlesbrough,GBR,United Kingdom,25.2,326,63.5,47.980427285058326,1,EUROPE,416042,327,21,Low,Europe
375,Metz,FRA,France,25.6,315,98.6,69.6930362483377,-1,EUROPE,123914,317,21,Low,Europe
376,"Worcester, Ma",USA,United States Of America,24.8,335,72.0,51.07180594514402,1,NORTH_AMERICA,498997,336,21,Low,North America
377,Saint-Etienne,FRA,France,24.2,343,88.8,62.29255952443958,1,EUROPE,176280,343,21,Low,Europe
378,"Saint Louis, Mo",USA,United States Of America,16.3,459,71.0,33.14151047522992,0,NORTH_AMERICA,2078283,459,21,Low,North America
379,"Buffalo, Ny",USA,United States Of America,14.7,467,85.0,32.71079506914455,1,NORTH_AMERICA,926261,467,21,Low,North America
380,Naha,JPN,Japan,40.7,34,164.8,172.03307338175773,4,ASIA,317405,34,21,Low,Asia
381,Medellin,COL,Colombia,42.9,24,166.2,182.83769530134632,-2,SOUTH_AMERICA,1999979,24,21,Low,Other
382,Kosice,SVK,Slovakia,32.2,154,98.2,87.09414762203426,2,EUROPE,228249,156,21,Low,Other
383,"Bakersfield, Ca",USA,United States Of America,21.7,386,67.0,35.212849393621525,-3,NORTH_AMERICA,373640,386,21,Low,North America
384,Palermo,ITA,Italy,40.9,32,129.3,133.77433378313424,-2,EUROPE,648260,32,21,Low,Europe
385,Bordeaux,FRA,France,32.8,145,186.8,177.33540884652456,0,EUROPE,803000,145,20,Low,Europe
386,"Atlanta, Ga",USA,United States Of America,30.8,199,79.3,78.08913043495093,2,NORTH_AMERICA,5228750,199,20,Low,North America
387,Guadalajara,MEX,Mexico,41.6,28,162.8,161.51048874057318,4,SOUTH_AMERICA,1385629,28,20,Low,North America
388,"Dayton, Oh",USA,United States Of America,12.4,483,61.5,20.7857365703766,1,NORTH_AMERICA,718169,483,20,Low,North America
389,Alexandria,EGY,Egypt,16.5,453,132.9,55.6853261016374,-3,AFRICA,5263542,453,20,Low,Other
390,Athens,GRC,Greece,34.4,111,177.9,174.9154676085485,3,EUROPE,3242000,111,20,Low,Other
391,Antalya,TUR,Turkey,34.4,114,141.0,133.57637668761862,-1,EUROPE,783000,113,20,Low,Asia
392,Manama,BHR,Bahrain,20.5,406,102.9,54.72704000252506,-8,ASIA,147074,407,20,Low,Other
393,Santander,ESP,Spain,19.8,413,112.4,55.158269123668845,0,EUROPE,172044,413,20,Low,Europe
394,Livorno,ITA,Italy,24.2,342,102.7,60.12958460492382,0,EUROPE,157017,342,20,Low,Europe
395,Verona,ITA,Italy,31.0,192,91.7,70.98418684822622,2,EUROPE,258031,193,20,Low,Europe
396,Lille,FRA,France,27.1,280,108.2,96.00872680058805,0,EUROPE,1044000,281,20,Low,Europe
397,Nijmegen,NLD,Netherlands,27.1,279,120.9,81.20698434560413,0,EUROPE,158732,279,20,Low,Europe
398,Reims,FRA,France,27.1,281,117.4,84.34691693508256,3,EUROPE,196565,280,20,Low,Europe
399,Brno,CZE,Czechia,45.7,14,126.3,144.65733795958414,5,EUROPE,379466,14,20,Low,Other
400,Bari,ITA,Italy,27.9,267,102.1,84.90623262132459,-1,EUROPE,316491,266,20,Low,Europe
401,Namur,BEL,Belgium,24.6,337,80.1,54.06526136604876,1,EUROPE,110939,337,20,Low,Europe
402,Surabaya,IDN,Indonesia,30.7,201,161.9,119.72538338003056,1,ASIA,2874314,201,20,Low,Asia
403,Las Palmas,ESP,Spain,24.4,340,113.0,70.32042169846426,2,EUROPE,378517,340,20,Low,Europe
404,Toulouse,FRA,France,27.3,276,100.2,102.79495142900771,1,EUROPE,493465,276,19,Very Low,Europe
405,Eindhoven,NLD,Netherlands,29.4,226,87.7,73.77544771805012,2,EUROPE,209620,226,19,Very Low,Europe
406,Ottawa,CAN,Canada,26.4,296,101.6,86.99027709875523,2,NORTH_AMERICA,812129,296,19,Very Low,North America
407,Lima,PER,Peru,47.2,9,199.2,243.62936657005343,9,SOUTH_AMERICA,7737002,9,19,Very Low,South America
408,Khor Fakkan,ARE,United Arab Emirates,9.0,497,83.7,16.859734885233507,-1,ASIA,2000,498,19,Very Low,Other
409,Maipu,CHL,Chile,25.6,316,102.2,93.82437534278742,-2,SOUTH_AMERICA,104316,316,19,Very Low,Other
410,Leicester,GBR,United Kingdom,39.0,51,149.2,152.23428933203684,2,EUROPE,368600,51,19,Very Low,Europe
411,Madrid,ESP,Spain,20.9,399,148.4,101.04730454439576,1,EUROPE,3255944,399,19,Very Low,Europe
412,Gold Coast,AUS,Australia,33.2,136,125.3,94.6927920354965,2,AUSTRALIA_OCEANIA,640778,135,19,Very Low,Other
413,Ha Noi,VNM,Vietnam,32.5,148,182.8,180.40033773150623,3,ASIA,0,148,19,Very Low,Other
414,"Kansas City, Mo",USA,United States Of America,13.6,473,66.0,25.540952746005644,0,NORTH_AMERICA,1615621,473,19,Very Low,North America
415,Exeter,GBR,United Kingdom,36.8,78,92.6,88.3494859739663,2,EUROPE,130709,79,19,Very Low,Europe
416,Fortaleza,BRA,Brazil,37.0,75,171.9,155.5138381776252,3,SOUTH_AMERICA,2400000,75,19,Very Low,South America
417,"Washington, Dc",USA,United States Of America,25.4,322,111.5,92.92853982931956,3,NORTH_AMERICA,5289420,319,19,Very Low,North America
418,Buenos Aires,ARG,Argentina,29.2,232,180.9,142.31045514037396,0,SOUTH_AMERICA,13076300,231,19,Very Low,South America
419,Strasbourg,FRA,France,26.4,292,107.2,83.679366462426,1,EUROPE,274845,295,19,Very Low,Europe
420,Puebla,MEX,Mexico,29.7,218,179.7,115.66755095776591,6,SOUTH_AMERICA,1692181,217,19,Very Low,North America
421,Antwerp,BEL,Belgium,39.7,47,101.6,106.13393641754675,3,EUROPE,920000,47,18,Very Low,Europe
422,Hannover,DEU,Germany,34.2,116,129.7,108.6323116140004,3,EUROPE,515140,116,18,Very Low,Europe
423,"Columbus, Oh",USA,United States Of America,16.7,449,68.4,33.58788578739873,1,NORTH_AMERICA,905748,450,18,Very Low,North America
424,"Detroit, Mi",USA,United States Of America,16.7,451,67.3,32.56192260371529,1,NORTH_AMERICA,3522206,451,18,Very Low,North America
425,Konya,TUR,Turkey,28.1,260,111.7,79.42035679981902,-2,EUROPE,919000,262,18,Very Low,Asia
426,Cologne,DEU,Germany,28.7,245,131.4,98.1681105389448,4,EUROPE,1004000,242,18,Very Low,Europe
427,Singapore,SGP,Singapore,29.0,236,121.6,99.19391392112243,1,ASIA,5638700,235,18,Very Low,Other
428,Bursa,TUR,Turkey,31.3,183,117.6,103.89568251298476,-1,EUROPE,1492000,181,18,Very Low,Asia
429,Arequipa,PER,Peru,46.6,11,192.1,196.67023061782987,-1,SOUTH_AMERICA,1008290,11,18,Very Low,South America
430,"San Francisco, Ca",USA,United States Of America,32.0,162,159.2,131.92484987338946,3,NORTH_AMERICA,3603761,158,18,Very Low,North America
431,"Louisville, Ky",USA,United States Of America,22.7,372,65.9,37.99570632974017,0,NORTH_AMERICA,1011696,372,18,Very Low,North America
432,Warsaw,POL,Poland,34.4,112,140.5,142.2806439285766,-4,EUROPE,1702139,114,18,Very Low,Other
433,Bengaluru,IND,India,38.3,65,205.0,183.90038382912758,5,ASIA,8443675,63,18,Very Low,Asia
434,Trondheim,NOR,Norway,16.4,456,92.9,52.02605244800114,-1,EUROPE,212660,456,18,Very Low,Other
435,Lens,FRA,France,17.2,446,71.5,36.95261586097317,0,EUROPE,38265,446,18,Very Low,Europe
436,Avignon,FRA,France,32.4,151,117.5,106.03683731677106,0,EUROPE,89769,151,18,Very Low,Europe
437,Ghent,BEL,Belgium,26.4,293,115.3,84.44540534463107,3,EUROPE,416493,294,17,Very Low,Europe
438,Bournemouth,GBR,United Kingdom,31.9,165,113.6,92.41963784568179,1,EUROPE,426945,163,17,Very Low,Europe
439,Berlin,DEU,Germany,28.5,248,171.1,131.64431032786786,2,EUROPE,3426354,248,17,Very Low,Europe
440,Hyderabad,IND,India,27.5,273,189.0,134.0470541096454,0,ASIA,6809970,272,17,Very Low,Asia
441,Rouen,FRA,France,30.8,200,129.1,124.12732891799595,2,EUROPE,111000,198,17,Very Low,Europe
442,Wellington,NZL,New Zealand,29.3,230,128.1,109.51302445977967,1,AUSTRALIA_OCEANIA,381900,228,17,Very Low,Other
443,Banqiao,TWN,Taiwan,27.3,275,135.4,105.3614922745972,3,ASIA,543342,275,17,Very Low,Other
444,Granada,ESP,Spain,21.6,389,106.9,67.6923071812329,1,EUROPE,234325,387,17,Very Low,Europe
445,Curitiba,BRA,Brazil,34.5,110,166.7,168.98389647827116,2,SOUTH_AMERICA,1948626,109,17,Very Low,South America
446,Oxford,GBR,United Kingdom,38.3,64,89.1,96.74641347193247,1,EUROPE,162100,66,17,Very Low,Europe
447,"Fort Myers, Fl",USA,United States Of America,32.3,153,77.2,63.995855652688704,1,NORTH_AMERICA,74013,153,17,Very Low,North America
448,Gijon,ESP,Spain,17.7,442,131.3,56.599538818097244,-1,EUROPE,277554,441,17,Very Low,Europe
449,Santa Cruz De Tenerife,ESP,Spain,25.0,332,102.5,65.73998323088674,1,EUROPE,204856,330,17,Very Low,Europe
450,"Tulsa, Ok",USA,United States Of America,13.3,476,61.3,21.79127519066222,-1,NORTH_AMERICA,413066,477,16,Very Low,North America
451,Prague,CZE,Czechia,39.0,52,144.8,145.03047202581604,5,EUROPE,1165581,52,16,Very Low,Other
452,Graz,AUT,Austria,36.9,77,154.1,135.60559733978602,5,EUROPE,295424,77,16,Very Low,Other
453,Waterloo,CAN,Canada,18.6,427,98.7,49.2175716288765,2,NORTH_AMERICA,104986,426,16,Very Low,North America
454,Doha,QAT,Qatar,18.6,428,119.7,54.77316628606596,-1,ASIA,956457,424,16,Very Low,Other
455,Hat Yai,THA,Thailand,40.3,41,145.2,120.27135470146413,2,ASIA,191696,41,16,Very Low,Asia
456,Cartagena,COL,Colombia,40.4,40,187.5,183.83711276732612,-2,SOUTH_AMERICA,914552,40,16,Very Low,Other
457,Kaunas,LTU,Lithuania,35.0,98,125.3,112.77616915645129,1,EUROPE,289380,99,16,Very Low,Other
458,Barcelona,ESP,Spain,26.3,300,187.3,136.82674243399134,5,EUROPE,4920000,298,16,Very Low,Europe
459,Johannesburg,ZAF,South Africa,31.8,166,111.8,87.9400388527477,1,AFRICA,957441,166,16,Very Low,Other
460,Dijon,FRA,France,28.5,250,97.6,80.68656343863785,1,EUROPE,158002,250,16,Very Low,Europe
461,Freiburg,DEU,Germany,27.8,269,115.0,73.8956178179265,2,EUROPE,215966,269,16,Very Low,Europe
462,Nancy,FRA,France,26.0,308,130.4,100.03453122352317,3,EUROPE,268976,308,16,Very Low,Europe
463,"Tampa, Fl",USA,United States Of America,31.9,163,82.6,80.83692411991404,2,NORTH_AMERICA,2804240,165,16,Very Low,North America
464,Leuven,BEL,Belgium,23.7,353,78.1,59.62546312734335,2,EUROPE,101032,354,16,Very Low,Europe
465,Brest,FRA,France,31.7,172,118.9,100.93884190977604,2,EUROPE,144899,170,16,Very Low,Europe
466,Sabah Al Salem,KWT,Kuwait,12.8,479,60.8,24.935725103873224,1,ASIA,1240,479,16,Very Low,Other
467,Almere,NLD,Netherlands,13.5,475,62.5,23.532173280433597,0,EUROPE,193303,474,16,Very Low,Europe
468,Edinburgh,GBR,United Kingdom,39.5,48,164.4,147.77650924052296,2,EUROPE,506520,48,16,Very Low,Europe
469,Vilnius,LTU,Lithuania,44.7,19,144.2,177.5785336671334,0,EUROPE,542366,19,16,Very Low,Other
470,Nuremberg,DEU,Germany,40.2,42,142.2,131.58253400047107,1,EUROPE,510000,42,16,Very Low,Europe
471,Florence,ITA,Italy,34.8,101,165.8,158.15590485637145,1,EUROPE,367150,101,16,Very Low,Europe
472,"Honolulu, Hi",USA,United States Of America,33.8,123,123.9,115.33975182546078,1,NORTH_AMERICA,833671,123,16,Very Low,North America
473,Tartu,EST,Estonia,22.9,368,113.1,62.15237835585134,0,EUROPE,91407,368,16,Very Low,Other
474,"Philadelphia, Pa",USA,United States Of America,22.3,380,117.5,72.54805561865282,4,NORTH_AMERICA,5637884,379,16,Very Low,North America
475,Coventry,GBR,United Kingdom,33.2,134,128.0,110.46434161432586,1,EUROPE,345324,134,16,Very Low,Europe
476,Ahmedabad,IND,India,23.1,367,174.3,115.17494587781528,-3,ASIA,6357693,365,16,Very Low,Asia
477,Tallinn,EST,Estonia,34.0,119,134.9,129.66675718370215,1,EUROPE,394024,119,16,Very Low,Other
478,Khon Kaen,THA,Thailand,33.6,129,133.9,103.85124985268561,0,ASIA,114459,129,16,Very Low,Asia
479,Buraydah,SAU,Saudi Arabia,10.0,495,86.6,20.254940812222543,-1,ASIA,745353,495,15,Very Low,Other
480,Mexico City,MEX,Mexico,51.6,1,191.3,238.83856271812044,6,NORTH_AMERICA,12294193,1,15,Very Low,North America
481,Leeds,GBR,United Kingdom,26.5,288,122.3,90.225248670495,2,EUROPE,516298,290,15,Very Low,Europe
482,The Hague,NLD,Netherlands,30.5,204,112.4,84.2938721496877,3,EUROPE,1406000,204,15,Very Low,Europe
483,Ho Chi Minh,VNM,Vietnam,29.6,220,181.4,150.75350217927053,4,ASIA,0,219,15,Very Low,Other
484,Halifax,CAN,Canada,29.7,217,141.1,130.4748446625827,5,NORTH_AMERICA,439819,218,15,Very Low,North America
485,Kaohsiung,TWN,Taiwan,25.6,317,180.5,102.61397893064009,1,ASIA,1519711,315,15,Very Low,Other
486,Taif,SAU,Saudi Arabia,8.6,500,101.5,26.33754992200022,-2,ASIA,688693,500,15,Very Low,Other
487,Gaborone,BWA,Botswana,32.0,158,117.5,107.01691493906367,0,AFRICA,55508,161,15,Very Low,Other
488,Oviedo,ESP,Spain,22.3,378,100.2,52.018062030318845,-3,EUROPE,220020,380,15,Very Low,Europe
489,Ljubljana,SVN,Slovenia,32.9,144,102.6,95.3173540554028,1,EUROPE,272220,143,15,Very Low,Other
490,Newcastle-Sunderland,GBR,United Kingdom,19.6,417,92.5,42.166809456972146,0,EUROPE,452934,417,15,Very Low,Europe
491,Zaragoza,ESP,Spain,20.5,408,126.5,58.86572652321016,3,EUROPE,675301,406,15,Very Low,Europe
492,Ostrava,CZE,Czechia,21.3,394,81.4,49.29676719112092,3,EUROPE,279791,393,15,Very Low,Other
493,Preston,GBR,United Kingdom,33.9,120,113.5,95.16028240736301,2,EUROPE,313332,120,15,Very Low,Europe
494,A Coruna,ESP,Spain,19.0,422,116.6,64.11299803216889,2,EUROPE,246056,422,15,Very Low,Europe
495,Ankara,TUR,Turkey,40.1,44,121.5,142.87766429061273,1,EUROPE,3517182,44,15,Very Low,Asia
496,"Oklahoma City, Ok",USA,United States Of America,16.4,457,60.0,30.787599221427996,0,NORTH_AMERICA,681054,458,15,Very Low,North America
497,Porto Alegre,BRA,Brazil,42.4,26,156.6,163.62483687083858,3,SOUTH_AMERICA,3917000,26,15,Very Low,South America
